username,easy,medium,hard,ac_easy,ac_medium,ac_hard
fjzzq2002,113,88,33,111,87,29
neal_wu,60,142,53,60,141,52
Yawn_Sean,241,600,242,241,599,242
ahmed007boss,0,0,0,0,0,0
liming-v,4,11,2,4,11,2
numb3r5,533,1094,441,533,1086,427
PurpleCrayon,213,411,206,213,409,193
hankray,0,0,0,0,0,0
HazemAllaham,7,2,1,4,1,0
dnialh,62,119,59,62,117,56
zhoupeiyun,19,10,0,19,10,0
fmota,68,137,74,68,135,72
pandaforever,43,81,50,43,81,50
jonathanirvings,138,278,139,138,278,136
xiaowuc1,126,196,84,126,195,82
Nahin_Imtiaz,1,14,3,1,14,1
Carefreejs,25,33,4,25,31,3
qeetcode,403,656,282,403,653,279
Shandse40,0,0,0,0,0,0
Naruto_x,900,1916,873,900,1916,873
wwwwodddd,681,1119,309,681,1119,309
TheWander,1,4,0,1,2,0
_kevinyang,162,360,219,162,358,211
emthrm,197,379,196,197,379,195
MisterSoandSo,11,17,5,11,17,5
arignote,80,199,146,80,197,144
dong_liu,39,95,56,39,94,52
thenymphsofdelphi,51,88,41,51,87,41
usephysics,532,1023,296,526,970,252
tmwilliamlin168,0,0,0,0,0,0
user8991p,0,0,0,0,0,0
lympanda,0,0,0,0,0,0
satyajeetramnit2708,0,0,0,0,0,0
bucker,0,0,0,0,0,0
Allink,0,0,0,0,0,0
Nirav5502,0,0,0,0,0,0
mohfadhil,0,0,0,0,0,0
natsugiri,0,0,0,0,0,0
manohar.morthala,0,0,0,0,0,0
tabr,0,0,0,0,0,0
queerAsfolk,0,0,0,0,0,0
hitonanode,0,0,0,0,0,0
stany,0,0,0,0,0,0
waakaaka,0,0,0,0,0,0
bucketpotato,0,0,0,0,0,0
Aging,0,0,0,0,0,0
rfpermen,0,0,0,0,0,0
getnaukri,0,0,0,0,0,0
kirika-comp,0,0,0,0,0,0
0suoicsnocbus,0,0,0,0,0,0
karate,0,0,0,0,0,0
dreamoon,0,0,0,0,0,0
python_champ123,0,0,0,0,0,0
LayCurse,0,0,0,0,0,0
bilyhurington,0,0,0,0,0,0
skpeng,0,0,0,0,0,0
tarek,0,0,0,0,0,0
penguinhacker,0,0,0,0,0,0
Poojash18,0,0,0,0,0,0
youtube_aryanc403,0,0,0,0,0,0
MichaelPengDeveloper,0,0,0,0,0,0
flashmt,0,0,0,0,0,0
Kude,0,0,0,0,0,0
physics0523,0,0,0,0,0,0
klion26,0,0,0,0,0,0
zeusmx,0,0,0,0,0,0
parallel_stream,0,0,0,0,0,0
pathetic-dog,0,0,0,0,0,0
mayur0055,0,0,0,0,0,0
AntonRaichuk,0,0,0,0,0,0
sisyphus3,0,0,0,0,0,0
vince1114,0,0,0,0,0,0
smax,0,0,0,0,0,0
kaikaikaikaikai,0,0,0,0,0,0
369488685,0,0,0,0,0,0
green_pig,0,0,0,0,0,0
shyamjha12,0,0,0,0,0,0
friedall,0,0,0,0,0,0
gdkat,0,0,0,0,0,0
theone7,0,0,0,0,0,0
awice,0,0,0,0,0,0
istiak227,0,0,0,0,0,0
R3mix,0,0,0,0,0,0
uwi,0,0,0,0,0,0
cai_lw,0,0,0,0,0,0
wery0,0,0,0,0,0,0
Sd-Invol,0,0,0,0,0,0
Dear_starboy,0,0,0,0,0,0
chalowis,0,0,0,0,0,0
scanhex,0,0,0,0,0,0
beet,0,0,0,0,0,0
lachy_136,0,0,0,0,0,0
sqqqqqq,0,0,0,0,0,0
viraaj,0,0,0,0,0,0
superluminal,0,0,0,0,0,0
xy12138,0,0,0,0,0,0
ios_zhangchao,0,0,0,0,0,0
kmjp,0,0,0,0,0,0
MKLOL,0,0,0,0,0,0
Rucha1995,0,0,0,0,0,0
aropan,0,0,0,0,0,0
jozz,0,0,0,0,0,0
Tlatoani,0,0,0,0,0,0
balajiap,0,0,0,0,0,0
18o3,0,0,0,0,0,0
nifeshe,0,0,0,0,0,0
satyasaivarun,0,0,0,0,0,0
moransky,0,0,0,0,0,0
saltfishwhowantbeadalao,0,0,0,0,0,0
srujanvarma47,0,0,0,0,0,0
MuyeLi,0,0,0,0,0,0
Brook_C,0,0,0,0,0,0
tnebiyu,0,0,0,0,0,0
fizzmonkey,0,0,0,0,0,0
xinyongtian,0,0,0,0,0,0
jokyjang,0,0,0,0,0,0
morales_sts,0,0,0,0,0,0
Chris_T,0,0,0,0,0,0
hail-exe,0,0,0,0,0,0
plasmatic,0,0,0,0,0,0
profchi,0,0,0,0,0,0
vonrong,0,0,0,0,0,0
Liam66,0,0,0,0,0,0
liupengsay,0,0,0,0,0,0
arvindf232,0,0,0,0,0,0
jeffreyhu8,0,0,0,0,0,0
galencolin,0,0,0,0,0,0
kashsuks,0,0,0,0,0,0
Superultra,0,0,0,0,0,0
xborui,0,0,0,0,0,0
TKTYI,0,0,0,0,0,0
faang_enjoyer,0,0,0,0,0,0
huzecong,0,0,0,0,0,0
lydxlx,0,0,0,0,0,0
mbako9,0,0,0,0,0,0
kumarapoorv617,0,0,0,0,0,0
sykobeli,0,0,0,0,0,0
megurine,0,0,0,0,0,0
y0105w49,0,0,0,0,0,0
benaltieri,0,0,0,0,0,0
AQT,0,0,0,0,0,0
PyIsTheBestLang,0,0,0,0,0,0
nika-skybytska,0,0,0,0,0,0
amsraman,0,0,0,0,0,0
kolzhoz,0,0,0,0,0,0
SUNNYYADAV1309,0,0,0,0,0,0
phani_kumar,0,0,0,0,0,0
pallab3004,0,0,0,0,0,0
skywalkert,0,0,0,0,0,0
hank55663,0,0,0,0,0,0
user9068ZB,0,0,0,0,0,0
luisbravo1,0,0,0,0,0,0
tonylukamumu,0,0,0,0,0,0
quillthegod,0,0,0,0,0,0
xiaohuajiao123,0,0,0,0,0,0
cbesalke,0,0,0,0,0,0
mangoqwq,0,0,0,0,0,0
AzzerAce,0,0,0,0,0,0
idontreallyknow,0,0,0,0,0,0
DylanSmith,0,0,0,0,0,0
singularterm,0,0,0,0,0,0
Dymonchyk,0,0,0,0,0,0
hai_mian_bao_bao,0,0,0,0,0,0
mukesh.bhandari01,0,0,0,0,0,0
Cookie_Cream,0,0,0,0,0,0
MeriamOuerghi,0,0,0,0,0,0
Rpyaram,0,0,0,0,0,0
katcibo,0,0,0,0,0,0
996yyds,0,0,0,0,0,0
viniciuscsreis,0,0,0,0,0,0
farahAmer95,0,0,0,0,0,0
nek23,0,0,0,0,0,0
pr3pony,0,0,0,0,0,0
SR3mix,0,0,0,0,0,0
himani9,0,0,0,0,0,0
peehs_moorhsum,0,0,0,0,0,0
Turkhuu,0,0,0,0,0,0
sheepforever,0,0,0,0,0,0
flavienbernard09,0,0,0,0,0,0
mikeqiyh,0,0,0,0,0,0
firiexp,0,0,0,0,0,0
shaletome,0,0,0,0,0,0
kshjee007,0,0,0,0,0,0
tmoux,0,0,0,0,0,0
kr2748,0,0,0,0,0,0
qwnjc,0,0,0,0,0,0
Felerius,0,0,0,0,0,0
NK-,0,0,0,0,0,0
thomas-li,0,0,0,0,0,0
Glukua,0,0,0,0,0,0
riantkb,0,0,0,0,0,0
ceaxyz002,0,0,0,0,0,0
Ma_Lin,0,0,0,0,0,0
finite_automaton_enthusiast,0,0,0,0,0,0
Teslavolt,0,0,0,0,0,0
ianwong1999,0,0,0,0,0,0
racsosabe,0,0,0,0,0,0
ethanrao,0,0,0,0,0,0
farhod_farmon,0,0,0,0,0,0
nicku5011,0,0,0,0,0,0
megaspazz,0,0,0,0,0,0
ryanguorocket,0,0,0,0,0,0
mrjoebcarvalho,0,0,0,0,0,0
grantmck,0,0,0,0,0,0
DickLearning,0,0,0,0,0,0
arknave,0,0,0,0,0,0
adityaraj_09,0,0,0,0,0,0
user1030VE,0,0,0,0,0,0
xaphoenix,0,0,0,0,0,0
rejudge_thiz,0,0,0,0,0,0
kefaa,0,0,0,0,0,0
fcomondro,0,0,0,0,0,0
d_ananta_,0,0,0,0,0,0
kastin,0,0,0,0,0,0
doooo,0,0,0,0,0,0
doc967,0,0,0,0,0,0
rtmkz,0,0,0,0,0,0
CutSandstone,0,0,0,0,0,0
kotamanegi,0,0,0,0,0,0
nhho,0,0,0,0,0,0
danielchandg,0,0,0,0,0,0
OTTFF,0,0,0,0,0,0
ishuu__,0,0,0,0,0,0
broden_miao,0,0,0,0,0,0
iamsun0001,0,0,0,0,0,0
llicecream,0,0,0,0,0,0
sgrargs,0,0,0,0,0,0
MagentaCobra,0,0,0,0,0,0
MvKaio,0,0,0,0,0,0
triplem5ds,0,0,0,0,0,0
seong4191,0,0,0,0,0,0
qdd1999,0,0,0,0,0,0
Andrew-Angrew,0,0,0,0,0,0
yxiong18,0,0,0,0,0,0
atf,0,0,0,0,0,0
hazzler,0,0,0,0,0,0
theabbie,0,0,0,0,0,0
XKTZ,0,0,0,0,0,0
n124345679976,0,0,0,0,0,0
ncutrona,0,0,0,0,0,0
cagacu,0,0,0,0,0,0
shufeishu,0,0,0,0,0,0
SleepyJie,0,0,0,0,0,0
ougato,0,0,0,0,0,0
donbasta,0,0,0,0,0,0
kyle551,0,0,0,0,0,0
zxyl,0,0,0,0,0,0
sincereya,0,0,0,0,0,0
876pol,0,0,0,0,0,0
AshokVengala,0,0,0,0,0,0
kaq,0,0,0,0,0,0
janicethehyper,0,0,0,0,0,0
mhasan01,0,0,0,0,0,0
wed_rip,0,0,0,0,0,0
Awesom,0,0,0,0,0,0
xyzzzzzzzz,0,0,0,0,0,0
sylxjtu,0,0,0,0,0,0
Tima_,0,0,0,0,0,0
c8kbf,0,0,0,0,0,0
KyouMoKawaii,0,0,0,0,0,0
EmKjp,0,0,0,0,0,0
princes33,0,0,0,0,0,0
watashi,0,0,0,0,0,0
zyh9018,0,0,0,0,0,0
furuyarei,0,0,0,0,0,0
abhishek612,0,0,0,0,0,0
ctrlalt,0,0,0,0,0,0
solene,0,0,0,0,0,0
nakari1124,0,0,0,0,0,0
coderdhanraj,0,0,0,0,0,0
Nandhini_Dhinakaran,0,0,0,0,0,0
agnes_yinshi,0,0,0,0,0,0
hmatic,0,0,0,0,0,0
gcalegari,0,0,0,0,0,0
A_Le_K,0,0,0,0,0,0
Pranithaaa,0,0,0,0,0,0
liuyinan,0,0,0,0,0,0
yuspy,0,0,0,0,0,0
swethaa2,0,0,0,0,0,0
Lilyflyinwind,0,0,0,0,0,0
nasheedyasin,0,0,0,0,0,0
HaiguangGe,0,0,0,0,0,0
egyptianprince2003,0,0,0,0,0,0
yeongmoj94,0,0,0,0,0,0
teamseshkuba,0,0,0,0,0,0
juliany2,0,0,0,0,0,0
sayannyaghosh,0,0,0,0,0,0
tylerwang,0,0,0,0,0,0
user7364T,0,0,0,0,0,0
hunt67241,0,0,0,0,0,0
tornadoboxingvolcano,0,0,0,0,0,0
altcha,0,0,0,0,0,0
pingchungchang,0,0,0,0,0,0
cmagnemi,0,0,0,0,0,0
Harasis_singh,0,0,0,0,0,0
yubowenok,0,0,0,0,0,0
Esteven,0,0,0,0,0,0
nguyenquocthao00,0,0,0,0,0,0
hybestever,0,0,0,0,0,0
aqxa2k,0,0,0,0,0,0
biharicoder,0,0,0,0,0,0
jszqlew,0,0,0,0,0,0
Leonardo666,0,0,0,0,0,0
nikatamliani1,0,0,0,0,0,0
Guardian_Leetcode,0,0,0,0,0,0
shik,0,0,0,0,0,0
_Fake4Fun,0,0,0,0,0,0
devindip4,0,0,0,0,0,0
BossBobster,0,0,0,0,0,0
v_d_a,0,0,0,0,0,0
jtea415,0,0,0,0,0,0
YCT,0,0,0,0,0,0
anurag,0,0,0,0,0,0
Rainingcity,0,0,0,0,0,0
Luiz_Doria,0,0,0,0,0,0
chrisplyn,0,0,0,0,0,0
goffrie,0,0,0,0,0,0
aparikh756,0,0,0,0,0,0
Romy67,0,0,0,0,0,0
xianweim,0,0,0,0,0,0
joyizhou,0,0,0,0,0,0
user5588kO,0,0,0,0,0,0
Zandryl,0,0,0,0,0,0
66bro-CUNY,0,0,0,0,0,0
genoxc,0,0,0,0,0,0
duyiblue,0,0,0,0,0,0
ahyangyi,0,0,0,0,0,0
sammochen,0,0,0,0,0,0
colicon,0,0,0,0,0,0
SerdiukovDmytro,0,0,0,0,0,0
DrunkTemplar,0,0,0,0,0,0
Rohitrks2003,0,0,0,0,0,0
Kevinxiehk,0,0,0,0,0,0
pjshwa,0,0,0,0,0,0
14417335,0,0,0,0,0,0
jacobj2,0,0,0,0,0,0
XAXAEBATb,0,0,0,0,0,0
meemi,0,0,0,0,0,0
GreatoPheonix,0,0,0,0,0,0
clonemaasterUwU,0,0,0,0,0,0
edwardcheng,0,0,0,0,0,0
anandmessi10,0,0,0,0,0,0
farmerboy,0,0,0,0,0,0
wrobertson,0,0,0,0,0,0
AshwinR,0,0,0,0,0,0
kresna,0,0,0,0,0,0
66brother,0,0,0,0,0,0
Saja_mohammed,0,0,0,0,0,0
swethasrihari,0,0,0,0,0,0
akhileswarchikku,0,0,0,0,0,0
maxxon_rykar,0,0,0,0,0,0
badgergo,0,0,0,0,0,0
4ty7,0,0,0,0,0,0
icareevents,0,0,0,0,0,0
happypotato1207,0,0,0,0,0,0
HanaYukii,0,0,0,0,0,0
MtSaka,0,0,0,0,0,0
fokusd,0,0,0,0,0,0
cheezvarshu,0,0,0,0,0,0
chinnu11,0,0,0,0,0,0
fwfjs,0,0,0,0,0,0
erionix,0,0,0,0,0,0
foorest,0,0,0,0,0,0
xinyiii,0,0,0,0,0,0
i_love_xiaoshagua_cpp,0,0,0,0,0,0
enev13,0,0,0,0,0,0
powervic08,0,0,0,0,0,0
bundelavikram0201,0,0,0,0,0,0
CUNY-66brother,0,0,0,0,0,0
cuiaoxiang,0,0,0,0,0,0
user5847gt,0,0,0,0,0,0
non_deterministic,0,0,0,0,0,0
zoteline,0,0,0,0,0,0
maxcruickshanks,0,0,0,0,0,0
liympanda,0,0,0,0,0,0
milind0110,0,0,0,0,0,0
amandeeps007,0,0,0,0,0,0
Dominater069L,0,0,0,0,0,0
Agnimandur,0,0,0,0,0,0
hayoungsong0_0,0,0,0,0,0,0
KavyaC2001,0,0,0,0,0,0
Fr0benius,0,0,0,0,0,0
wssx349,0,0,0,0,0,0
Mefarnis,0,0,0,0,0,0
MaskRay,0,0,0,0,0,0
rakkalra,0,0,0,0,0,0
Akatsuki_,0,0,0,0,0,0
huanglanzhiguan,0,0,0,0,0,0
ml-terminator,0,0,0,0,0,0
areke,0,0,0,0,0,0
rebeccasun,0,0,0,0,0,0
zh_jerry_yu,0,0,0,0,0,0
LosingNowLosingLate,0,0,0,0,0,0
prodessa,0,0,0,0,0,0
doxuanviet1996,0,0,0,0,0,0
Kinon,0,0,0,0,0,0
NEU20133823,0,0,0,0,0,0
KR_HayoungSong,0,0,0,0,0,0
jwseph,0,0,0,0,0,0
tanzir,0,0,0,0,0,0
RealFan,0,0,0,0,0,0
OmMotewar,0,0,0,0,0,0
neal99,0,0,0,0,0,0
mufti,0,0,0,0,0,0
2003Vamsi,0,0,0,0,0,0
syeran213,0,0,0,0,0,0
patrick-gu,0,0,0,0,0,0
RdxJay,0,0,0,0,0,0
daiw10,0,0,0,0,0,0
baohiep,0,0,0,0,0,0
chris321,0,0,0,0,0,0
66glory-CUNY,0,0,0,0,0,0
prajwal_733,0,0,0,0,0,0
mgg1118,0,0,0,0,0,0
rudrabhardwaj,0,0,0,0,0,0
olderworse,0,0,0,0,0,0
cijin,0,0,0,0,0,0
07dishwasherbob8,0,0,0,0,0,0
xl2411,0,0,0,0,0,0
Zaheysm,0,0,0,0,0,0
pedro,0,0,0,0,0,0
teacher-six,0,0,0,0,0,0
upgrace,0,0,0,0,0,0
xxxin09,0,0,0,0,0,0
jayxray,0,0,0,0,0,0
crackersamdjam,0,0,0,0,0,0
sempr,0,0,0,0,0,0
krititv,0,0,0,0,0,0
zeinali827,0,0,0,0,0,0
__Chaos__,0,0,0,0,0,0
hup-hup1,0,0,0,0,0,0
chenwang0517,0,0,0,0,0,0
metaranger,0,0,0,0,0,0
weixinwu88,0,0,0,0,0,0
LVL99,0,0,0,0,0,0
pku_erutan,0,0,0,0,0,0
shnirelman,0,0,0,0,0,0
songhayoung,0,0,0,0,0,0
SirTechnical,0,0,0,0,0,0
sfwei,0,0,0,0,0,0
DimmyT,0,0,0,0,0,0
Kmcode,0,0,0,0,0,0
ryanwong0127,0,0,0,0,0,0
rajsagare14,0,0,0,0,0,0
hope_ma,0,0,0,0,0,0
coleworld223,0,0,0,0,0,0
dacdodinh99,0,0,0,0,0,0
harshal_02,0,0,0,0,0,0
tiankonguse001,0,0,0,0,0,0
Kareem_Elgoker,0,0,0,0,0,0
coding_lord,0,0,0,0,0,0
aka09,0,0,0,0,0,0
adityaxkrishna,0,0,0,0,0,0
wengh,0,0,0,0,0,0
ykx_akks,0,0,0,0,0,0
USYDLDH,0,0,0,0,0,0
ywj568-en,0,0,0,0,0,0
justdoit2,0,0,0,0,0,0
ajinkya1p3,0,0,0,0,0,0
krishnag89,0,0,0,0,0,0
Jaguarboy,0,0,0,0,0,0
lxhgww,0,0,0,0,0,0
deadRabbit,0,0,0,0,0,0
kostyachzhan,0,0,0,0,0,0
turneja,0,0,0,0,0,0
CAEL0,0,0,0,0,0,0
user7269F,0,0,0,0,0,0
RakheeSingh,0,0,0,0,0,0
blastfox,0,0,0,0,0,0
mail2adityabharadwaj,0,0,0,0,0,0
Wasiim03,0,0,0,0,0,0
dreambbs1101,0,0,0,0,0,0
hkwu6013,0,0,0,0,0,0
trantai,0,0,0,0,0,0
_otto,0,0,0,0,0,0
charliesong12,0,0,0,0,0,0
lbjlc,0,0,0,0,0,0
hamayanhamayan,0,0,0,0,0,0
vin2215,0,0,0,0,0,0
lxylxy123456,0,0,0,0,0,0
t38178,0,0,0,0,0,0
tianqi_victory2,0,0,0,0,0,0
n3_,0,0,0,0,0,0
clcwcxfwf,0,0,0,0,0,0
user7895Zl,0,0,0,0,0,0
davidxl7,0,0,0,0,0,0
danieltonad,0,0,0,0,0,0
alexwyx,0,0,0,0,0,0
shiomusubi496,0,0,0,0,0,0
awang11,0,0,0,0,0,0
bookya,0,0,0,0,0,0
sslkm13,0,0,0,0,0,0
user8450y,0,0,0,0,0,0
chendali199606,0,0,0,0,0,0
Limitless09,0,0,0,0,0,0
Errichto,0,0,0,0,0,0
MichaelTrip,0,0,0,0,0,0
dd2307,0,0,0,0,0,0
jevancc,0,0,0,0,0,0
lovelydays95,0,0,0,0,0,0
satyamkrishna,0,0,0,0,0,0
sophy83167,0,0,0,0,0,0
Heidi_,0,0,0,0,0,0
brianarmstrong9018,0,0,0,0,0,0
dsjong,0,0,0,0,0,0
HaveFun2018,0,0,0,0,0,0
tyagsa,0,0,0,0,0,0
MkaanTheKing,0,0,0,0,0,0
neuq_3,0,0,0,0,0,0
sas4eka,0,0,0,0,0,0
Busity,0,0,0,0,0,0
Andwerp,0,0,0,0,0,0
satanic0258,0,0,0,0,0,0
dasha2002,0,0,0,0,0,0
orthogonal1,0,0,0,0,0,0
goodstudyqaq,0,0,0,0,0,0
Wibo,0,0,0,0,0,0
Aman_j1,0,0,0,0,0,0
jtrh,0,0,0,0,0,0
lan190202,0,0,0,0,0,0
glassbead03,0,0,0,0,0,0
richenyunqi,0,0,0,0,0,0
vassu118,0,0,0,0,0,0
junbinliang,0,0,0,0,0,0
meyi,0,0,0,0,0,0
BERNARB01,0,0,0,0,0,0
arjun791,0,0,0,0,0,0
rvrty5,0,0,0,0,0,0
wjli,0,0,0,0,0,0
lukewu28,0,0,0,0,0,0
sumon_1212,0,0,0,0,0,0
RadianceSheep,0,0,0,0,0,0
robezh765,0,0,0,0,0,0
walkers7,0,0,0,0,0,0
wingflier,0,0,0,0,0,0
SabineRounds,0,0,0,0,0,0
pahari,0,0,0,0,0,0
Airbenderboy11,0,0,0,0,0,0
txingml,0,0,0,0,0,0
xc9pd,0,0,0,0,0,0
mhwg,0,0,0,0,0,0
4dalols,0,0,0,0,0,0
never_get_piped,0,0,0,0,0,0
zhaoyuanhuo,0,0,0,0,0,0
sachinmakasana,0,0,0,0,0,0
Xuderian,0,0,0,0,0,0
AhmedEzzat,0,0,0,0,0,0
coder206,0,0,0,0,0,0
audreyjin,0,0,0,0,0,0
ShellYi,0,0,0,0,0,0
JaniceM_2020,0,0,0,0,0,0
prateekagr98,0,0,0,0,0,0
zaneyu2005,0,0,0,0,0,0
nots0fast,0,0,0,0,0,0
DheerajG21,0,0,0,0,0,0
bry_rp,0,0,0,0,0,0
razimantv,0,0,0,0,0,0
pichulia,0,0,0,0,0,0
convex-hull,0,0,0,0,0,0
saffah,0,0,0,0,0,0
VarunR,0,0,0,0,0,0
leetcode_200801,0,0,0,0,0,0
ap1008,0,0,0,0,0,0
stupidRR,0,0,0,0,0,0
_k_yoko,0,0,0,0,0,0
satyabrata25,0,0,0,0,0,0
sjpetrick,0,0,0,0,0,0
melonbar,0,0,0,0,0,0
MeetBrahmbhatt,0,0,0,0,0,0
Finesse,0,0,0,0,0,0
sivasaisambela,0,0,0,0,0,0
LarryNY,0,0,0,0,0,0
STARs_56789,0,0,0,0,0,0
SaveVMK,0,0,0,0,0,0
kritib777,0,0,0,0,0,0
siddhantgawad4,0,0,0,0,0,0
xbin123,0,0,0,0,0,0
ssontakke087,0,0,0,0,0,0
joylintp,0,0,0,0,0,0
user1558m,0,0,0,0,0,0
004782735,0,0,0,0,0,0
clonemasterUwU,0,0,0,0,0,0
callmepandey,0,0,0,0,0,0
Hemanth12233,0,0,0,0,0,0
hayoungsong,0,0,0,0,0,0
VILLANOVA_ECON,0,0,0,0,0,0
ivanghi,0,0,0,0,0,0
max_li,0,0,0,0,0,0
mazzy_star,23,66,45,23,66,44
dirigibility,697,1514,696,697,1514,695
songhayoungKR0_0,64,138,59,64,137,59
shashank_p,36,29,0,36,20,0
u_noob_i,199,442,149,198,442,149
ParthIsLit,115,292,104,115,286,99
abhilashlal,0,0,0,0,0,0
user5575Xc,0,0,0,0,0,0
@_deleted_user_c89ed2c7,0,0,0,0,0,0
Yulian_Yarema,320,227,110,320,225,107
leetgoat_dot_dev,762,1535,608,735,1466,550
clairesworld111,51,100,60,50,97,57
USF-CS,72,170,97,72,169,92
s1613134,5,2,0,5,1,0
lotusblume,402,720,303,400,713,291
Akash_Hiremath,392,744,134,389,713,113
P2001,10,5,0,9,2,0
ychzhou,86,167,83,86,167,83
yonghui-zhang,0,0,0,0,0,0
opPO24,163,149,58,162,147,54
hayoung0_0,55,213,50,55,213,50
FransV,808,1537,564,806,1519,489
Vertizes3,0,0,0,0,0,0
serdes,431,1017,402,431,1017,399
jyzlee,2,3,0,2,3,0
segment-tree,188,322,123,187,310,106
cchao,310,682,298,310,681,282
jiangjinjinyxt,418,1061,469,417,1049,457
YuXin96,0,0,0,0,0,0
jchuthecode,0,0,0,0,0,0
Naman_Pujari,0,0,0,0,0,0
Taltonik,0,0,0,0,0,0
wolfspeed,0,0,0,0,0,0
K3zbdEErWi,0,0,0,0,0,0
kcsquared,0,0,0,0,0,0
nthistle,0,0,0,0,0,0
songhayoung0_0,0,0,0,0,0,0
IceKnight1093,0,0,0,0,0,0
gonglinyuan,0,0,0,0,0,0
therealpratyushraman,0,0,0,0,0,0
belphegor_,0,0,0,0,0,0
lIlIlIl,0,0,0,0,0,0
krists,0,0,0,0,0,0
Cherry_Jain,0,0,0,0,0,0
ramandeep_kour,0,0,0,0,0,0
googlweknoall,0,0,0,0,0,0
jay159,0,0,0,0,0,0
olimpo,0,0,0,0,0,0
lihaicoder,0,0,0,0,0,0
xymabinogi,0,0,0,0,0,0
CosmicWolf,0,0,0,0,0,0
suyayya,0,0,0,0,0,0
ChangeofPace,0,0,0,0,0,0
cthbst,0,0,0,0,0,0
fdironia,0,0,0,0,0,0
FromDihPout,0,0,0,0,0,0
9ishak6,0,0,0,0,0,0
EgorLifar,0,0,0,0,0,0
lsmll,0,0,0,0,0,0
sudheerganta,0,0,0,0,0,0
Murrk,0,0,0,0,0,0
panvith,0,0,0,0,0,0
user4802oO,0,0,0,0,0,0
nimish7866,0,0,0,0,0,0
pein531,0,0,0,0,0,0
WellingtonDias,0,0,0,0,0,0
rh137,0,0,0,0,0,0
alan8585,0,0,0,0,0,0
phungtienminh,0,0,0,0,0,0
code_nik,0,0,0,0,0,0
yangwill,0,0,0,0,0,0
funsquared,0,0,0,0,0,0
mymelochan,0,0,0,0,0,0
JeffreyLC,0,0,0,0,0,0
spencerpugh,0,0,0,0,0,0
pasricha_dhruv,0,0,0,0,0,0
mos_dev,0,0,0,0,0,0
wangyisong,0,0,0,0,0,0
subham4off,0,0,0,0,0,0
delphih,0,0,0,0,0,0
zzzing,0,0,0,0,0,0
hehaodele,0,0,0,0,0,0
BrickByBit,0,0,0,0,0,0
taran_1407,0,0,0,0,0,0
push_xor_fold,0,0,0,0,0,0
wisest,0,0,0,0,0,0
ssk4988,0,0,0,0,0,0
jasontsang,0,0,0,0,0,0
arayi,0,0,0,0,0,0
kamal109,0,0,0,0,0,0
jerryxu20,0,0,0,0,0,0
NatapongS,0,0,0,0,0,0
soumyadeep_pal_21,0,0,0,0,0,0
giantcheeseguy2,0,0,0,0,0,0
gnocuil22,0,0,0,0,0,0
garyjhu,0,0,0,0,0,0
SBofGaySchool,0,0,0,0,0,0
himphen,0,0,0,0,0,0
szp14,0,0,0,0,0,0
RJMCMC,0,0,0,0,0,0
Daegalus,0,0,0,0,0,0
caoyeye4,0,0,0,0,0,0
bigTeccOrBust,0,0,0,0,0,0
harshrk,0,0,0,0,0,0
etlowelo,0,0,0,0,0,0
jzhsh1735,0,0,0,0,0,0
Mip182,0,0,0,0,0,0
jyjd6404,0,0,0,0,0,0
clbgw,0,0,0,0,0,0
jason189155,0,0,0,0,0,0
JimmyP7,0,0,0,0,0,0
l_returns,0,0,0,0,0,0
yu-jianfeng,0,0,0,0,0,0
jmyanxiang,0,0,0,0,0,0
@_deleted_user_1823d7bf,0,0,0,0,0,0
priyankat,0,0,0,0,0,0
KrishnaHarsha,0,0,0,0,0,0
howardgy123,0,0,0,0,0,0
mczhuang,0,0,0,0,0,0
user1694my,0,0,0,0,0,0
skd09,0,0,0,0,0,0
ltf0501,0,0,0,0,0,0
manubittu1986,0,0,0,0,0,0
tsholmes,0,0,0,0,0,0
VehicleOfPuzzle,0,0,0,0,0,0
luciaharley,0,0,0,0,0,0
tungtinhoctre,0,0,0,0,0,0
loganasr,0,0,0,0,0,0
annabellevblackwell,0,0,0,0,0,0
plevande,0,0,0,0,0,0
scotchtape,0,0,0,0,0,0
jeroenodb,0,0,0,0,0,0
yuanguo.huo,0,0,0,0,0,0
ironman__3000,0,0,0,0,0,0
JavOliva,0,0,0,0,0,0
the_bharadwaj,0,0,0,0,0,0
envyaims,0,0,0,0,0,0
kilnyy,0,0,0,0,0,0
Timan123,0,0,0,0,0,0
mkawa222,0,0,0,0,0,0
mafailure,0,0,0,0,0,0
KimTaeyeon,0,0,0,0,0,0
yunkun,0,0,0,0,0,0
freeyourmind,0,0,0,0,0,0
MattTheNub,0,0,0,0,0,0
sweetpotato2,0,0,0,0,0,0
heLeet,0,0,0,0,0,0
looking_for_swe_internships,0,0,0,0,0,0
roaris,0,0,0,0,0,0
sarahthr,0,0,0,0,0,0
KerimKochekov,0,0,0,0,0,0
meladrama,0,0,0,0,0,0
a.jindal.ew,0,0,0,0,0,0
im_ironman_7,0,0,0,0,0,0
ChickenTeeth,0,0,0,0,0,0
pentester,0,0,0,0,0,0
abd36,0,0,0,0,0,0
dennis753951,0,0,0,0,0,0
jzjsuper,0,0,0,0,0,0
touyou,0,0,0,0,0,0
timetoai,0,0,0,0,0,0
Rochak,0,0,0,0,0,0
lwm7708,0,0,0,0,0,0
grawlixes,0,0,0,0,0,0
Lalmaan_Priyanka,0,0,0,0,0,0
Anas_Maged,0,0,0,0,0,0
Jerry-KK,0,0,0,0,0,0
suhaasswamy1999,0,0,0,0,0,0
Tier-3ian,0,0,0,0,0,0
Tinky1224,0,0,0,0,0,0
GanneKaJuice,0,0,0,0,0,0
Totomo,0,0,0,0,0,0
ydchentw,0,0,0,0,0,0
Anastasia7,0,0,0,0,0,0
maraveska,0,0,0,0,0,0
mcy4ever,0,0,0,0,0,0
zack24,0,0,0,0,0,0
ankan2526,0,0,0,0,0,0
rastsislau,0,0,0,0,0,0
TWchaoYi,0,0,0,0,0,0
ExRoc,0,0,0,0,0,0
georgiaaa,0,0,0,0,0,0
naazii,0,0,0,0,0,0
bonilha,0,0,0,0,0,0
Ng1OYL8pKz,0,0,0,0,0,0
cf2,0,0,0,0,0,0
nvee,0,0,0,0,0,0
SN1995dz,0,0,0,0,0,0
Anarchy,0,0,0,0,0,0
pauldb89,0,0,0,0,0,0
jljljljljl,0,0,0,0,0,0
jo7p,0,0,0,0,0,0
Nagarjuna_nags,0,0,0,0,0,0
fxfxxxfxx,0,0,0,0,0,0
MissOK,0,0,0,0,0,0
suiyuan1992,0,0,0,0,0,0
@_deleted_user_7a122046,0,0,0,0,0,0
LaserShoot,0,0,0,0,0,0
pushapdeep,0,0,0,0,0,0
IanISam,0,0,0,0,0,0
cookie0204,0,0,0,0,0,0
user1048Z,0,0,0,0,0,0
vrintle,0,0,0,0,0,0
okjustgo,0,0,0,0,0,0
tonyli0000,0,0,0,0,0,0
gummz,0,0,0,0,0,0
Toptodown_Dp,0,0,0,0,0,0
shunley,0,0,0,0,0,0
4bP7qaO8Qi,0,0,0,0,0,0
aceqi,0,0,0,0,0,0
agarwal_keshav,0,0,0,0,0,0
Shoom,0,0,0,0,0,0
LeetCoach,0,0,0,0,0,0
ahmedsobhygawesh,0,0,0,0,0,0
readyToStrike,0,0,0,0,0,0
user3068e,0,0,0,0,0,0
pepsinogenz,0,0,0,0,0,0
idulocub,0,0,0,0,0,0
hanshaohey,0,0,0,0,0,0
asiad,0,0,0,0,0,0
face4,0,0,0,0,0,0
daniel25,0,0,0,0,0,0
Ivan_len,0,0,0,0,0,0
sevenkplus,0,0,0,0,0,0
ohwell888888888888888888888888,0,0,0,0,0,0
dartvolley,0,0,0,0,0,0
Hughstudy,0,0,0,0,0,0
nicholask_17,0,0,0,0,0,0
samueljin,0,0,0,0,0,0
keenantholloway,0,0,0,0,0,0
Pjs,0,0,0,0,0,0
spike1236,0,0,0,0,0,0
cryandrich,0,0,0,0,0,0
sreeshmaheshwar,0,0,0,0,0,0
nnayak3,0,0,0,0,0,0
vijaykatari23,0,0,0,0,0,0
ycdragon3223,0,0,0,0,0,0
huizew,0,0,0,0,0,0
apte11,0,0,0,0,0,0
rajaditya061,0,0,0,0,0,0
wzc1995,0,0,0,0,0,0
Lizewsky,0,0,0,0,0,0
BelgianSalamander,0,0,0,0,0,0
hzxaskwhy,0,0,0,0,0,0
catinsidehat,0,0,0,0,0,0
nlnlnl,0,0,0,0,0,0
gaoqiaoheimu,0,0,0,0,0,0
icyphere,0,0,0,0,0,0
jcirer,0,0,0,0,0,0
jonathansculley,0,0,0,0,0,0
dedgar,0,0,0,0,0,0
pislbert,0,0,0,0,0,0
ashwanthkannan,0,0,0,0,0,0
_DAle_,0,0,0,0,0,0
Roka,0,0,0,0,0,0
dezhonger,0,0,0,0,0,0
KakaHiguain,0,0,0,0,0,0
rickqwertyiop,0,0,0,0,0,0
yujie_sheng,0,0,0,0,0,0
jwpassion1,0,0,0,0,0,0
yqifan83,0,0,0,0,0,0
mbfibat,0,0,0,0,0,0
rui-de,0,0,0,0,0,0
617280219,0,0,0,0,0,0
duyboy135,0,0,0,0,0,0
syc950,0,0,0,0,0,0
cybsbbbb,0,0,0,0,0,0
ming1016,0,0,0,0,0,0
Leetcodess,0,0,0,0,0,0
lixuanji,0,0,0,0,0,0
bhavik_11,0,0,0,0,0,0
GoldenShadow5,0,0,0,0,0,0
uttam1235,0,0,0,0,0,0
SpatzaCamino,0,0,0,0,0,0
anewperson,0,0,0,0,0,0
ItsNoOne,0,0,0,0,0,0
doze,0,0,0,0,0,0
m-rstewart,0,0,0,0,0,0
sonminjae,0,0,0,0,0,0
niki18,0,0,0,0,0,0
123454321,0,0,0,0,0,0
log1,0,0,0,0,0,0
Maruzensky,0,0,0,0,0,0
blin00,0,0,0,0,0,0
Maristie,0,0,0,0,0,0
bigmiaomiao,0,0,0,0,0,0
SrinivasEsapalli,0,0,0,0,0,0
3sophiee89100yp2,0,0,0,0,0,0
jamshedmd1111,0,0,0,0,0,0
mahbuba01,0,0,0,0,0,0
OmerAydin,0,0,0,0,0,0
askdfjlas123,0,0,0,0,0,0
user7656MT,0,0,0,0,0,0
binuasokan,0,0,0,0,0,0
abhidot,0,0,0,0,0,0
jojayoh,0,0,0,0,0,0
marsdavletshin,0,0,0,0,0,0
celesta,0,0,0,0,0,0
Abhi_Srivastava,0,0,0,0,0,0
SSYernar,0,0,0,0,0,0
Woldenes7,0,0,0,0,0,0
RedHeadphone,0,0,0,0,0,0
darkhorse081989,0,0,0,0,0,0
NAHSNAHS,0,0,0,0,0,0
ishaan____,0,0,0,0,0,0
7evane323fc2,0,0,0,0,0,0
alanmiller,0,0,0,0,0,0
anup0707,0,0,0,0,0,0
balakrishnan_v,0,0,0,0,0,0
Creator-ye,0,0,0,0,0,0
hwhuige,0,0,0,0,0,0
Ganeshwala,0,0,0,0,0,0
Jason_HHHHH,0,0,0,0,0,0
jjpun,0,0,0,0,0,0
caoboxiao,0,0,0,0,0,0
randolph2014,0,0,0,0,0,0
yzkkai,0,0,0,0,0,0
kac320,0,0,0,0,0,0
PugachAG,0,0,0,0,0,0
user0927,0,0,0,0,0,0
noopurbana,0,0,0,0,0,0
azala,0,0,0,0,0,0
SilentMonk,0,0,0,0,0,0
LearnerSank,0,0,0,0,0,0
betrue12,0,0,0,0,0,0
LauraOnac,0,0,0,0,0,0
EricTsengTy,0,0,0,0,0,0
tmt514,0,0,0,0,0,0
nguyennhucong2003,0,0,0,0,0,0
user0914Mk,0,0,0,0,0,0
ihanif,0,0,0,0,0,0
codeforcesuser,0,0,0,0,0,0
roma95,0,0,0,0,0,0
lalalacute,0,0,0,0,0,0
polpolpol,0,0,0,0,0,0
ujaitley,0,0,0,0,0,0
xuejiay,0,0,0,0,0,0
Dipakantaria,0,0,0,0,0,0
Chris_ho,0,0,0,0,0,0
ernestlu,0,0,0,0,0,0
dollbi5,0,0,0,0,0,0
twitch_tv_qiqi_impact,0,0,0,0,0,0
pjincz,0,0,0,0,0,0
cuongdq,0,0,0,0,0,0
souravlaira,0,0,0,0,0,0
BhumikaDudhat,0,0,0,0,0,0
ct1993ustc,0,0,0,0,0,0
knight_,0,0,0,0,0,0
hieuminh.hoang,0,0,0,0,0,0
lemanh1011,0,0,0,0,0,0
Leofu,0,0,0,0,0,0
AntonBorzenko,0,0,0,0,0,0
thchen2002,0,0,0,0,0,0
xinyan9712,0,0,0,0,0,0
skyinde2,0,0,0,0,0,0
jackky,0,0,0,0,0,0
sarthakkale,0,0,0,0,0,0
Andycipation,0,0,0,0,0,0
Haksell,0,0,0,0,0,0
voidmaina,0,0,0,0,0,0
BChowy,0,0,0,0,0,0
anjutayde,0,0,0,0,0,0
faustaadp,0,0,0,0,0,0
AlexRoma,0,0,0,0,0,0
raziakhalidbutt,0,0,0,0,0,0
codemayank,0,0,0,0,0,0
alexandertar,0,0,0,0,0,0
erel3,0,0,0,0,0,0
Shivani_09,0,0,0,0,0,0
andrewtam360,0,0,0,0,0,0
w0w0,0,0,0,0,0,0
ViniciusGularte,0,0,0,0,0,0
r07922080,0,0,0,0,0,0
JDEP,0,0,0,0,0,0
rarelytested,0,0,0,0,0,0
LyuYongzheng,0,0,0,0,0,0
owen2,0,0,0,0,0,0
RiverHorse,0,0,0,0,0,0
user9412rh,0,0,0,0,0,0
liao119,0,0,0,0,0,0
igorlifar,0,0,0,0,0,0
qbkivlin,0,0,0,0,0,0
traumatized,0,0,0,0,0,0
gabriel88766,0,0,0,0,0,0
978749951,0,0,0,0,0,0
chrisyeh,0,0,0,0,0,0
shamitpatel,0,0,0,0,0,0
lg52931,0,0,0,0,0,0
yua_mikami_lover,0,0,0,0,0,0
pedrohlf,0,0,0,0,0,0
datdtup,0,0,0,0,0,0
Amlan1234,0,0,0,0,0,0
natgeo,0,0,0,0,0,0
jika_jik,0,0,0,0,0,0
ivanc-e,0,0,0,0,0,0
101magikarp101,0,0,0,0,0,0
aaronyen,0,0,0,0,0,0
sid_jain_26,0,0,0,0,0,0
@_deleted_user_2c0e81a4,0,0,0,0,0,0
apekshabhise,0,0,0,0,0,0
RsEnts,0,0,0,0,0,0
gavieeen,0,0,0,0,0,0
bojack1,0,0,0,0,0,0
ChengGf,0,0,0,0,0,0
sahasrad,0,0,0,0,0,0
fclv,0,0,0,0,0,0
Dan13llljws,0,0,0,0,0,0
francoIns,0,0,0,0,0,0
tura,0,0,0,0,0,0
ztxz16,0,0,0,0,0,0
avinashrajav,0,0,0,0,0,0
Akshatbuddy,0,0,0,0,0,0
